address,type,balance
35hK24tcLEWcgNA4JxpvbkNkoAcDGqQPsP,scripthash,25550215763891
3KZ526NxCVXbKwwP66RgM3pte6zW4gY1tD,scripthash,10185724750535
37XuVSEpWW4trkfmvWzegTHQt7BdktSKUs,scripthash,9450577237963
37do5d3pKeCuozjNCApGT153GJ8oNmKYbB,scripthash,8898956718481
1FeexV6bAHb8ybZjqQMjJrcCrHGW9sb6uF,pubkeyhash,7995720350967
3NnGcxybgm3drht65hRucr23Ya4ZmQqz4w,scripthash,7612471328413
3D8qAoMkZ8F1b42btt2Mn5TyN7sWfa434A,scripthash,7000000494352
1HQ3Go3ggs8pFnXuHVHRytPCq5fGG8Hbhx,pubkeyhash,6937022028720
385cR5DM96n1HvBDMzLHPYcw89fZAXULJP,scripthash,6130190018924
bc1qgdjqv0av3q56jvd82tkdjpy7gdp9ut8tlqmgrpmv24sq90ecnvqqjwvw97,witness_v0_scripthash,6000099658253
1P5ZEDWTKTFGxQjZphgWPQUpe554WKDfHQ,pubkeyhash,5698165746276
1LdRcdxfbSnmCYYNdeYpUnztiYzVfBEQeC,pubkeyhash,5388005944822
386eAUqL3ZNZPmHeABXLo658DTQuJeLzUR,scripthash,5228631550792
1AC4fMwgY8j9onSbXEWeH6Zan8QGMSdmtA,pubkeyhash,5183035730517
38UmuUqPCrFmQo4khkomQwZ4VbY2nZMJ67,scripthash,4955534239367
3Kzh9qAqVWQhEsfQz7zEQL1EuSx5tyNLNS,scripthash,4793879006164
3FDWNdFxrJxXoF4hWXF4dkc1FFxsNyKAHh,scripthash,4583533347529
1LruNZjwamWJXThX2Y8C2d47QqhAkkc5os,pubkeyhash,4400007777443
bc1q5shngj24323nsrmxv99st02na6srekfctt30ch,witness_v0_keyhash,4000032721224
1BX5MXZ95rMiQJBH9yKpcmbAt9VcfyAfHE,pubkeyhash,3748301319621
17hf5H8D6Yc4B7zHEg3orAtKn7Jhme7Adx,pubkeyhash,3600000216576
3LCGsSmfr24demGvriN4e3ft8wEcDuHFqh,scripthash,3407416423229
13JQwoSLLR3ffXwswe2HCTK9oq4i8MWK3q,pubkeyhash,3101001152547
12ib7dApVFvg82TXKycWBNpN8kFyiAN1dr,pubkeyhash,3100006906135
34xp4vRoCGJym3xR7yCVPFHoCNxv4Twseo,scripthash,3019493556456
12tkqA9xSoowkzoERHMWNKsTey55YEBqkv,pubkeyhash,2815105669176
3H5JTt42K7RmZtromfTSefcMEFMMe18pMD,scripthash,2653231779841
3Pja5FPK1wFB9LkWWJai8XYL1qjbqqT9Ye,scripthash,2616701083326
3HroDXv8hmzKRtaSfBffRgedKpru8fgy6M,scripthash,2510459696903
1NH8vuaJaMXbtj4Qx6iFaQY8btdVcAn9iz,pubkeyhash,2449535079377
1ANjYHibCQ6FzagLfeXubC8SQYDfUS5wAJ,pubkeyhash,2396900001200
1AnwDVbwsLBVwRfqN2x9Eo4YEJSPXo2cwG,pubkeyhash,2322761522667
1932eKraQ3Ad9MeNBHb14WFQbNrLaKeEpT,pubkeyhash,2289999024646
14eQD1QQb8QFVG8YFwGz7skyzsvBLWLwJS,pubkeyhash,2221116533312
3HHQzEDe6X5JCR2gKZHE1PNm9tykAVJWjK,scripthash,2180000468425
1aXzEKiDJKzkPxTZy9zGc3y1nCDwDPub2,pubkeyhash,2080001008779
17rm2dvb439dZqyMe2d4D6AQJSgg6yeNRn,pubkeyhash,2000800063182
1Fp9KLM6cs35y8QvyqAiL714WMFSLBJDLC,pubkeyhash,2000000006534
12BZD75sbMmdj5dy1d5cS2Lo4YWs1FDbDn,pubkeyhash,1972160194747
12nxRsisUcJqCDeUpTYH2a7F5jcad3YhFG,pubkeyhash,1963081003827
1PeizMg76Cf96nUQrYg8xuoZWLQozU5zGW,pubkeyhash,1941442989303
16GTzLcEsAm4tHhwtZV1F6gxYDMmbdSMrv,pubkeyhash,1923992051861
1NDyJtNTjmwk5xPNhjgAMu4HDHigtobu1s,pubkeyhash,1917248775594
3AbSEcJTvnSGsN2Ee99JLymRoLUbSFbmJx,scripthash,1800000002511
16FSBGvQfy4K8dYvPPWWpmzgKM6CvrCoVy,pubkeyhash,1769066985421
17tC5SL95Lvj4CgDDqF1wWGeGUQcacq6Mc,pubkeyhash,1759331891568
3BMEXqGpG4FxBA1KWhRFufXfSTRgzfDBhJ,scripthash,1610124017803
1GR9qNz7zgtaW5HwwVpEJWMnGWhsbsieCG,pubkeyhash,1574555562781
3N9an8wv4SYi3FVXs3xR5k2AqXeNZiw2mf,scripthash,1549989069488
16XvGbSfhr4qhtfUBJ6XRZP44q4XpoqN7b,pubkeyhash,1537237501097
38Md7BghVmV7XUUT1Vt9CvVcc5ssMD6ojt,scripthash,1503326216330
1KUr81aewyTFUfnq4ZrpePZqXixd59ToNn,pubkeyhash,1499999844963
3R1hBCHURkquAjFUv1eH5u2gXqooJkjg4B,scripthash,1468187785852
3DwVjwVeJa9Z5Pu15WHNfKcDxY5tFUGfdx,scripthash,1450000010600
3FrM1He2ZDbsSKmYpEZQNGjFTLMgCZZkaf,scripthash,1400001429683
1BZaYtmXka1y3Byi2yvXCDG92Tjz7ecwYj,pubkeyhash,1400000046922
1DWxysF7GPRYGShNxL5ux2N2JLRa9rbE6k,pubkeyhash,1385546274199
1Cr7EjvS8C7gfarREHCvFhd9gT3r46pfLb,pubkeyhash,1302323234696
1KeK2uTAe8hDVKTbpyDDzd7qfRZ8z3LJx,pubkeyhash,1256508136351
1HBM45n214sV9yXoizBwTksUgEysTPpk46,pubkeyhash,1200029045645
12n3s8MCqdZzPnTisYrXagbfw8pJg8y9BW,pubkeyhash,1200000016477
1MVo3EXLakJym29CFK6o1MyaCBMdvcmmrL,pubkeyhash,1200000015242
14Ai5GcasUdr5hR2GMzeojkzB9cm4oufHt,pubkeyhash,1200000013088
1Q7cu7WkeDurYgffeEc9CEnA6zLohbh9iQ,pubkeyhash,1200000012747
1FUBESNxB2JkyXPc4o9wwoGt158DC9A8dj,pubkeyhash,1200000002977
16Azr3MAzMKMPmxZXfRsBbBPYHnp2CuJNJ,pubkeyhash,1200000002754
1JpiTWauQdtysbynNp88dWeuyg2gBbKDcT,pubkeyhash,1200000002754
1EDRfeNkjkH2SAhSbEKzhKuabnEbVWbKEp,pubkeyhash,1200000002532
1JYbzYitYQ1ZWTx5KEx7WH2AejC5i5UUbF,pubkeyhash,1200000002523
1Enhkd9LkQV56a9M12P4VuMDkjyTeLJy5m,pubkeyhash,1200000002377
1MqAfNMgbZoKtRinT89q1faSZqTKTqCFhR,pubkeyhash,1200000001977
19Te6hzGFSbryomVYqzG2kpBmAJYykx5Yv,pubkeyhash,1200000001977
1Hyh53PULY6Jyq5LPAJ4CHjgzEbVaqy7KU,pubkeyhash,1200000001977
14YN9Zsx4H8DXUoK2XfRvjuanfjK1RrkHz,pubkeyhash,1200000001977
1Cb1G5qFK91fShyaPPZWVFwYFBtqRG7h8D,pubkeyhash,1200000001977
1NNGdZMYsN9pgLSXZ5dD5KFUbatFynpmvY,pubkeyhash,1200000001200
1C5TB2QzeDDJUE4EQD17NmSyEXTk34huRo,pubkeyhash,1197965386161
1C1bbDApniTd7DtUodpr3ayXxVtcHvwWgx,pubkeyhash,1190153555068
12xjTvg1aqK9Jc46N4cxTLiKnCWnDwD4S9,pubkeyhash,1185662206271
1LyTftu54VMYCv5pq3S4pMzPRMnsYKTESw,pubkeyhash,1182694389339
17YyZSNFt31pzGXfZtrzs7Y5Nd56rG2uU5,pubkeyhash,1180947560112
1q9kwzJggw6AbQjzJeYQFYK8D5gQK8sSh,pubkeyhash,1172263879886
1Lox7GiFiMunSuTCFZxZrkDUX5H3VTiLeq,pubkeyhash,1166000354465
17rfparnM8RaaUyuHFNC9ErqkvRqebNPjE,pubkeyhash,1154893787366
14zukxqLuLXg5kqZYRB1Q3Audec3NtxJPW,pubkeyhash,1110498037118
19G5kkYvjawZiYKhFeh8WmfBN31pdP94Jr,pubkeyhash,1110200044697
1Hm9vfrEX7Gyjz2Nhi3McQ34PryLDHGrCq,pubkeyhash,1100000014270
1F34duy2eeMz5mSrvFepVzy7Y1rBsnAyWC,pubkeyhash,1077052849022
3DVJfEsDTPkGDvqPCLC41X85L1B1DQWDyh,scripthash,1074543339780
3AWpzKtkHfWsiv9RGXKA3Z8951LefsUGXQ,scripthash,1050003950961
1f1miYFQWTzdLiCBxtHHnNiW7WAWPUccr,pubkeyhash,1000926252116
3FuqMT3VeyRhB917aiJUeWSn2jRt4M3hw8,scripthash,1000599557746
3E5B5QbDjUL471PEed9vZDwCSck9btBLkD,scripthash,1000174089156
14YK4mzJGo5NKkNnmVJeuEAQftLt795Gec,pubkeyhash,1000003417126
1KbrSKrT3GeEruTuuYYUSQ35JwKbrAWJYm,pubkeyhash,1000001503635
1P1iThxBH542Gmk1kZNXyji4E4iwpvSbrt,pubkeyhash,1000001180220
12tLs9c9RsALt4ockxa1hB4iTCTSmxj2me,pubkeyhash,1000001128542
bc1q2raxkmk55p000ggfa8euzs9fzq7p4cx4twycx7,witness_v0_keyhash,1000001041338
1BAFWQhH9pNkz3mZDQ1tWrtKkSHVCkc3fV,pubkeyhash,1000001027856
1ucXXZQSEf4zny2HRwAQKtVpkLPTUKRtt,pubkeyhash,1000001026107